{"IcoMoonType":"selection","icons":[{"icon":{"paths":["M928 0h-832c-52.8 0-96 43.2-96 96v832c0 52.8 43.2 96 96 96h416v-448h-128v-128h128v-64c0-105.8 86.2-192 192-192h128v128h-128c-35.2 0-64 28.8-64 64v64h192l-32 128h-160v448h288c52.8 0 96-43.2 96-96v-832c0-52.8-43.2-96-96-96z"],"tags":["facebook","brand","social"],"defaultCode":60049,"grid":16,"attrs":[]},"attrs":[],"properties":{"ligatures":"facebook2, brand11","name":"facebook2","order":3,"id":402,"prevSize":32,"code":60049},"setIdx":0,"setId":1,"iconIdx":401},{"icon":{"paths":["M512 0c-282.8 0-512 229.2-512 512s229.2 512 512 512 512-229.2 512-512-229.2-512-512-512zM763.6 351l-84 395.8c-5.8 28.2-22.8 34.8-46.4 21.8l-128-94.6-61.4 59.8c-7.2 7-12.8 12.8-25.6 12.8-16.6 0-13.8-6.2-19.4-22l-43.6-143.2-126.6-39.4c-27.4-8.4-27.6-27.2 6.2-40.6l493.2-190.4c22.4-10.2 44.2 5.4 35.6 40z"],"tags":["telegram","brand","social"],"defaultCode":60053,"grid":16,"attrs":[]},"attrs":[],"properties":{"name":"telegram","ligatures":"telegram, brand15","order":2,"id":406,"prevSize":32,"code":60053},"setIdx":0,"setId":1,"iconIdx":405}],"height":1024,"metadata":{"name":"icomoon"},"preferences":{"showGlyphs":true,"showQuickUse":true,"showQuickUse2":true,"showSVGs":true,"fontPref":{"prefix":"icon-","metadata":{"fontFamily":"icomoon"},"metrics":{"emSize":1024,"baseline":6.25,"whitespace":50},"embed":false},"imagePref":{"prefix":"icon-","png":true,"useClassSelector":true,"color":0,"bgColor":16777215,"classSelector":".icon","name":"icomoon"},"historySize":50,"showCodes":true,"gridSize":16}}